Actual,Pred_LR,Pred_RF,Pred_XGB
22.0,14.506619605264367,21.17,21.991152
6.0,6.697404656472138,6.2,6.6040797
1.0,5.154956501235764,4.8,6.000376
1.0,6.766310475664428,5.19,3.6950092
3.0,9.076259228609386,8.28,6.0084558
6.0,9.888487640465529,10.15,12.432387
6.0,2.1701206637146866,3.41,2.7034752
14.0,8.678435485943162,11.22,13.923829
7.0,7.359023509018661,8.75,8.942011
14.0,10.988485823698797,12.99,13.983158
3.0,8.399340770984955,8.52,7.5929017
11.0,10.49710551325025,8.73,10.935549
